Model,MAE,MASE,MASE < 1?
Naive Persistence,9.547567119323668,8.15213609197562,✗
SARIMA,4.171564758691767,3.561866934720615,✗
Ridge Regression,9.28665845442421,7.929360706659793,✗
TFT (Ours),2.8088676929473877,2.398335765654483,✗
