Model,MAE,MASE,MASE < 1?,Evaluation_Set
Naive Persistence,3.6114245366167137,3.0835943796418133,✗,Held-out 2019–2022
SARIMA,4.171564758691767,3.561866934720615,✗,Held-out 2019–2022
Ridge Regression,9.28665845442421,7.929360706659793,✗,Held-out 2019–2022
TFT (Held-Out),3.5898118100048584,3.065140475473713,✗,Held-out 2019–2022
