Model,MAE,MASE,MASE < 1?
Naive Persistence,9.547567119323668,8.152136091975622,✗
SARIMA,4.224820500664548,3.6073390482774355,✗
Ridge Regression,9.286658454424204,7.92936070665979,✗
TFT (Ours),3.0518622398376465,2.605815282802687,✗
