Model,MAE,MASE,MASE < 1?
Naive Persistence,9.547567119323668,8.15213609197562,✗
SARIMA,4.171558478488718,3.5618615724048226,✗
Ridge Regression,9.28665845442421,7.929360706659793,✗
TFT (Ours),2.9749131202697754,2.5401127130239023,✗
