Model,MAE,MASE,MASE < 1?,Evaluation_Set
Naive Persistence,3.6114245366167137,3.0835943796418133,✗,Held-out 2019–2022
SARIMA,4.171558478488718,3.5618615724048226,✗,Held-out 2019–2022
Ridge Regression,9.28665845442421,7.929360706659793,✗,Held-out 2019–2022
TFT (Held-Out),3.696019365463728,3.1558251949709333,✗,Held-out 2019–2022
