Metric,Value
Pinball Loss q10,0.8083134053297986
Pinball Loss q50,1.848009682731864
Pinball Loss q90,1.447203653903655
Mean Quantile Loss,1.3678422473217724
