Metric,Value
Pinball Loss q10,0.7839903507775479
Pinball Loss q50,1.7949059050024292
Pinball Loss q90,1.4939188233864158
Mean Quantile Loss,1.3576050263887975
